Date,AAPL,TSLA,MSFT,GOOG
2000-01-01,212.51,269.98,228.16,125.46
2000-01-02,213.72,266.73,226.34,123.29
2000-01-03,213.23,267.93,229.03,122.75
2000-01-04,214.4,263.62,229.71,122.62
2000-01-05,217.37,264.4,233.48,120.48
2000-01-06,215.54,266.2,232.53,119.33
2000-01-07,213.09,263.04,232.06,119.31
2000-01-08,218.08,258.66,231.43,119.57
2000-01-09,219.68,261.65,232.4,120.37
2000-01-10,215.61,260.89,228.22,119.99
2000-01-11,213.78,267.78,230.66,121.34
2000-01-12,211.61,266.82,233.68,121.51
2000-01-13,210.65,263.8,237.38,122.41
2000-01-14,210.12,266.19,238.72,122.61
2000-01-15,211.04,263.41,239.36,123.78
2000-01-16,207.04,267.88,238.78,124.33
2000-01-17,205.5,271.57,240.19,124.01
2000-01-18,206.55,267.12,245.28,122.85
2000-01-19,207.11,265.66,242.72,123.91
2000-01-20,206.51,265.24,241.05,125.72
2000-01-21,206.29,266.12,242.84,125.3
2000-01-22,209.27,269.43,244.22,126.1
2000-01-23,207.76,273.47,250.33,127.03
2000-01-24,207.37,271.47,251.15,128.65
2000-01-25,201.68,270.08,252.18,129.14
2000-01-26,200.23,270.94,253.04,129.2
2000-01-27,198.52,268.61,251.5,128.98
2000-01-28,199.72,270.63,248.56,129.23
2000-01-29,199.47,266.67,249.33,132.54
2000-01-30,198.88,265.23,254.02,130.53
2000-01-31,197.78,261.62,248.14,131.13
2000-02-01,195.62,266.85,247.82,130.65
2000-02-02,195.42,265.65,250.38,130.09
2000-02-03,199.09,265.69,246.61,132.28
2000-02-04,194.74,265.49,247.0,134.38
2000-02-05,195.24,267.33,243.55,136.33
2000-02-06,196.68,264.75,243.65,137.07
2000-02-07,196.94,265.3,245.86,137.45
2000-02-08,198.01,267.32,245.84,140.47
2000-02-09,200.62,268.18,245.59,139.14
2000-02-10,200.59,270.51,241.74,140.18
2000-02-11,201.58,271.44,238.63,140.89
2000-02-12,199.5,269.71,241.75,138.56
2000-02-13,197.71,268.28,241.96,140.56
2000-02-14,197.1,271.27,240.67,139.57
2000-02-15,196.56,269.92,241.84,139.27
2000-02-16,196.32,275.16,243.45,140.88
2000-02-17,197.58,271.32,246.42,140.59
2000-02-18,197.81,271.84,245.7,140.05
2000-02-19,195.31,270.78,244.58,142.18
2000-02-20,195.04,268.81,246.78,141.35
2000-02-21,195.68,268.21,242.95,141.38
2000-02-22,190.56,267.85,238.97,139.21
2000-02-23,190.08,273.05,241.46,140.5
2000-02-24,188.69,273.91,242.63,139.0
2000-02-25,187.01,272.8,241.5,137.52
2000-02-26,182.08,271.01,236.44,138.59
2000-02-27,184.46,276.12,237.32,139.12
2000-02-28,184.01,276.91,235.6,139.21
2000-02-29,182.21,278.86,237.35,137.91
2000-03-01,179.68,275.2,240.21,139.43
2000-03-02,174.85,278.3,241.46,138.88
2000-03-03,175.65,276.19,244.53,139.73
2000-03-04,174.37,281.27,246.79,141.54
2000-03-05,173.06,273.74,248.49,140.39
2000-03-06,174.24,274.13,248.05,139.33
2000-03-07,173.56,275.51,246.3,139.79
2000-03-08,172.26,279.33,248.13,140.66
2000-03-09,172.48,278.92,247.36,144.11
2000-03-10,176.31,284.05,250.72,142.82
2000-03-11,176.77,275.58,256.03,142.76
2000-03-12,176.92,273.76,254.86,144.46
2000-03-13,179.34,271.71,258.19,144.54
2000-03-14,179.69,272.04,258.32,145.22
2000-03-15,181.65,270.94,257.16,148.19
2000-03-16,180.17,271.47,255.88,149.22
2000-03-17,180.74,274.7,257.16,147.36
2000-03-18,182.68,279.07,259.73,145.64
2000-03-19,181.36,283.37,257.28,144.93
2000-03-20,185.07,279.85,254.64,145.59
2000-03-21,184.87,283.27,254.57,146.88
2000-03-22,183.82,278.57,254.2,145.59
2000-03-23,184.16,280.55,255.31,144.55
2000-03-24,184.29,278.75,255.85,144.56
2000-03-25,181.36,278.68,252.71,141.74
2000-03-26,180.44,275.23,253.8,141.78
2000-03-27,178.7,276.11,253.22,144.68
2000-03-28,179.91,277.63,252.88,146.71
2000-03-29,178.75,276.82,254.4,145.05
2000-03-30,177.91,273.68,252.17,143.72
2000-03-31,181.29,275.29,250.04,145.75
2000-04-01,182.47,277.12,249.97,145.23
2000-04-02,184.68,277.23,249.6,143.35
2000-04-03,181.02,276.85,251.48,143.82
2000-04-04,180.54,276.09,251.92,143.45
2000-04-05,182.93,273.71,249.84,145.44
2000-04-06,179.55,271.75,246.08,143.62
2000-04-07,182.69,270.54,243.32,143.42
2000-04-08,183.05,273.99,242.39,144.71
2000-04-09,181.12,280.44,239.07,144.6
2000-04-10,178.84,274.63,240.2,146.57
2000-04-11,180.67,272.84,241.21,146.07
2000-04-12,179.82,276.92,243.96,146.99
2000-04-13,184.79,278.84,248.34,146.94
2000-04-14,183.12,281.84,244.65,146.88
2000-04-15,184.38,283.15,242.9,148.4
2000-04-16,184.89,283.67,247.5,146.71
2000-04-17,188.03,287.46,250.18,143.33
2000-04-18,188.19,291.5,253.02,143.64
2000-04-19,187.01,291.89,253.0,145.02
2000-04-20,185.34,294.72,247.91,143.93
2000-04-21,185.62,294.43,250.23,144.89
2000-04-22,186.14,295.1,251.47,143.42
2000-04-23,185.68,295.01,255.26,140.73
2000-04-24,186.34,299.01,255.17,141.71
2000-04-25,184.05,297.47,252.98,142.98
2000-04-26,185.11,296.44,251.97,141.75
2000-04-27,185.98,294.96,255.46,141.61
2000-04-28,188.33,298.38,254.19,142.33
2000-04-29,185.48,297.94,256.84,142.38
2000-04-30,188.49,294.43,257.22,140.8
2000-05-01,189.44,297.13,260.46,140.9
2000-05-02,190.19,292.87,261.96,139.01
2000-05-03,191.32,292.3,264.0,140.11
2000-05-04,188.85,295.89,263.02,137.74
2000-05-05,187.61,298.96,266.24,137.05
2000-05-06,185.61,302.74,269.49,136.7
2000-05-07,186.52,304.76,269.15,135.01
2000-05-08,187.34,303.83,269.1,134.56
2000-05-09,187.32,301.27,266.76,134.98
2000-05-10,184.01,298.9,266.05,132.86
2000-05-11,185.93,299.26,265.88,133.76
2000-05-12,184.31,297.82,268.04,135.72
2000-05-13,181.3,298.23,270.28,134.46
2000-05-14,185.54,299.04,271.71,134.99
2000-05-15,188.93,300.64,271.86,135.73
2000-05-16,190.0,299.46,269.05,136.46
2000-05-17,189.08,298.39,266.47,137.59
2000-05-18,187.8,296.11,260.39,137.18
2000-05-19,186.09,298.28,258.58,138.17
2000-05-20,184.69,299.11,259.27,138.66
2000-05-21,182.94,298.63,259.87,138.74
2000-05-22,182.93,302.02,259.29,137.51
2000-05-23,183.18,303.54,261.14,139.56
2000-05-24,181.37,302.34,261.15,142.05
2000-05-25,182.79,293.52,263.55,142.57
2000-05-26,184.07,299.3,259.55,143.8
2000-05-27,181.19,292.45,257.21,143.38
2000-05-28,182.36,296.86,262.26,142.59
2000-05-29,183.76,306.44,260.53,143.57
2000-05-30,183.9,302.04,259.03,145.22
2000-05-31,181.47,300.55,256.81,142.32
2000-06-01,181.46,300.87,253.62,142.69
2000-06-02,182.18,303.04,253.26,144.09
2000-06-03,186.53,301.87,253.15,146.41
2000-06-04,185.58,300.97,252.38,146.65
2000-06-05,187.38,300.57,249.87,147.73
2000-06-06,185.05,298.27,250.52,149.31
2000-06-07,184.62,296.17,251.12,149.86
2000-06-08,186.19,296.86,249.39,150.67
2000-06-09,186.29,301.6,245.19,150.62
2000-06-10,186.8,299.6,246.85,148.34
2000-06-11,186.2,301.03,248.3,147.67
2000-06-12,189.35,300.53,247.77,146.18
2000-06-13,192.21,304.28,247.4,145.82
2000-06-14,190.77,310.53,246.7,144.38
2000-06-15,186.96,308.42,244.39,144.67
2000-06-16,189.12,308.06,242.85,143.95
2000-06-17,188.37,308.3,244.17,142.27
2000-06-18,188.99,315.27,245.75,140.75
2000-06-19,187.76,317.63,247.23,140.87
2000-06-20,187.14,319.84,245.73,142.04
2000-06-21,186.99,316.45,243.03,144.24
2000-06-22,186.07,324.87,240.35,146.79
2000-06-23,184.29,326.75,241.82,149.12
2000-06-24,182.21,332.11,246.42,148.76
2000-06-25,182.83,331.94,250.09,147.44
2000-06-26,184.08,330.07,250.0,148.8
2000-06-27,184.05,330.93,249.27,151.52
2000-06-28,184.9,330.39,249.9,149.24
2000-06-29,187.09,327.1,248.0,151.61
2000-06-30,186.76,329.09,251.5,147.11
2000-07-01,183.82,328.43,249.39,145.49
2000-07-02,184.64,326.66,248.32,146.24
2000-07-03,185.44,329.85,245.95,148.5
2000-07-04,184.58,324.58,245.77,147.29
2000-07-05,184.83,324.12,247.49,147.28
2000-07-06,184.07,322.4,245.91,147.16
2000-07-07,180.95,322.08,244.3,143.86
2000-07-08,176.63,325.21,243.8,144.78
2000-07-09,177.61,326.57,243.46,145.28
2000-07-10,178.13,320.06,244.37,146.29
2000-07-11,177.34,322.8,247.0,145.71
2000-07-12,176.3,320.27,244.27,146.22
2000-07-13,176.92,321.95,243.18,145.68
2000-07-14,175.54,324.5,239.3,144.87
2000-07-15,173.95,324.94,239.74,143.13
2000-07-16,172.91,323.55,240.55,141.9
2000-07-17,174.7,319.1,238.59,139.92
2000-07-18,175.03,323.23,238.03,139.35
2000-07-19,172.2,320.89,236.06,137.51
2000-07-20,170.04,313.97,234.95,137.02
2000-07-21,170.76,313.68,236.81,136.02
2000-07-22,174.15,310.98,239.61,132.96
2000-07-23,174.53,308.61,240.69,137.07
2000-07-24,175.8,306.68,236.32,136.19
2000-07-25,174.64,303.87,237.2,134.14
2000-07-26,175.11,300.82,236.39,134.7
2000-07-27,175.45,301.57,234.58,136.18
2000-07-28,176.73,304.52,233.22,136.23
2000-07-29,178.2,301.39,236.61,137.02
2000-07-30,177.41,297.94,238.16,137.99
2000-07-31,174.33,294.41,237.55,137.27
2000-08-01,173.73,294.83,235.96,134.99
2000-08-02,170.96,297.08,226.35,136.14
2000-08-03,171.77,297.69,230.31,135.53
2000-08-04,172.71,298.23,231.81,135.13
2000-08-05,173.93,297.96,231.58,135.64
2000-08-06,173.42,301.86,233.11,135.79
2000-08-07,172.3,298.67,230.49,136.25
2000-08-08,170.53,299.78,228.82,135.02
2000-08-09,171.61,298.13,228.85,135.07
2000-08-10,172.79,298.27,229.94,134.72
2000-08-11,172.38,300.04,231.79,135.74
2000-08-12,178.45,298.92,227.78,135.91
2000-08-13,175.35,299.18,227.3,135.05
2000-08-14,170.88,300.09,228.64,134.78
2000-08-15,169.7,298.45,227.4,133.79
2000-08-16,168.94,297.24,230.74,133.94
2000-08-17,169.77,294.76,230.48,131.24
2000-08-18,170.77,293.63,230.23,132.21
2000-08-19,169.78,290.37,227.93,128.58
2000-08-20,171.31,291.57,226.77,127.47
2000-08-21,172.18,291.4,223.22,127.45
2000-08-22,173.9,283.47,224.58,127.14
2000-08-23,171.01,280.41,221.76,128.15
2000-08-24,171.27,286.15,221.92,129.91
2000-08-25,169.94,286.57,219.42,130.69
2000-08-26,169.32,286.92,220.44,130.9
2000-08-27,171.26,286.7,221.49,130.82
2000-08-28,171.44,281.9,225.13,131.71
2000-08-29,169.75,281.53,221.2,128.37
2000-08-30,171.15,284.45,219.67,127.78
2000-08-31,166.82,284.0,215.43,127.18
2000-09-01,165.57,286.65,218.25,129.8
2000-09-02,161.38,290.91,217.42,125.67
2000-09-03,159.53,293.09,215.31,124.55
2000-09-04,161.9,295.19,215.01,126.68
2000-09-05,160.59,295.09,217.72,129.16
2000-09-06,159.7,295.32,217.93,130.56
2000-09-07,157.37,299.33,220.8,130.4
2000-09-08,159.39,295.89,221.95,132.38
2000-09-09,160.98,297.9,223.67,129.8
2000-09-10,161.53,301.68,225.08,129.63
2000-09-11,164.23,300.98,229.59,129.05
2000-09-12,166.46,303.48,229.06,128.76
2000-09-13,168.19,305.86,230.19,129.47
2000-09-14,170.64,305.51,227.72,129.85
2000-09-15,172.66,309.45,229.25,129.36
2000-09-16,172.98,303.44,231.07,128.73
2000-09-17,172.61,303.37,225.16,128.14
2000-09-18,169.4,302.24,224.72,127.89
2000-09-19,167.45,302.18,222.8,128.55
2000-09-20,167.25,303.48,227.6,129.31
2000-09-21,165.43,305.09,226.76,131.65
2000-09-22,165.32,303.45,225.72,131.39
2000-09-23,161.25,307.43,227.48,131.25
2000-09-24,160.5,315.68,232.75,130.33
2000-09-25,159.85,320.17,230.42,129.48
2000-09-26,160.19,321.88,229.34,130.54
2000-09-27,156.79,321.76,228.37,130.11
2000-09-28,157.93,321.84,230.43,130.15
2000-09-29,154.42,309.75,225.35,129.93
2000-09-30,153.56,309.54,222.14,128.02
2000-10-01,151.97,311.05,221.59,127.31
2000-10-02,152.69,306.17,221.47,126.18
2000-10-03,149.54,306.59,223.0,127.57
2000-10-04,148.89,300.35,224.9,129.8
2000-10-05,148.05,299.25,223.54,127.86
2000-10-06,149.39,296.14,224.41,126.88
2000-10-07,149.09,296.48,227.4,126.27
2000-10-08,147.67,291.53,225.33,128.28
2000-10-09,144.94,291.01,224.68,126.6
2000-10-10,146.11,285.55,226.05,126.61
2000-10-11,143.56,286.44,227.59,127.06
2000-10-12,142.8,284.68,224.48,127.4
2000-10-13,141.23,287.93,220.6,126.94
2000-10-14,141.35,289.51,221.93,125.28
2000-10-15,137.59,287.45,219.54,127.96
2000-10-16,138.72,286.47,220.87,125.84
2000-10-17,138.04,289.01,220.36,126.68
2000-10-18,137.19,285.26,219.31,124.96
2000-10-19,137.12,279.82,220.72,125.05
2000-10-20,136.64,277.7,220.86,124.04
2000-10-21,136.67,277.51,219.57,123.03
2000-10-22,135.91,278.59,222.52,124.67
2000-10-23,135.14,273.96,221.93,123.79
2000-10-24,136.86,273.6,220.28,125.02
2000-10-25,137.74,272.4,219.42,123.97
2000-10-26,138.83,271.55,222.56,123.66
2000-10-27,138.72,274.38,221.19,121.81
2000-10-28,136.63,273.9,222.06,121.07
2000-10-29,138.12,274.86,218.19,119.68
2000-10-30,138.92,277.36,217.73,118.45
2000-10-31,137.77,275.93,220.8,118.3
2000-11-01,139.55,276.12,218.93,117.62
2000-11-02,139.06,268.04,218.04,118.67
2000-11-03,140.46,274.48,219.06,118.48
2000-11-04,139.47,276.55,218.53,118.26
2000-11-05,139.87,279.25,216.3,118.91
2000-11-06,139.1,275.33,217.55,118.71
2000-11-07,137.55,274.73,214.64,118.31
2000-11-08,138.99,273.46,212.03,118.25
2000-11-09,140.09,273.15,210.93,120.02
2000-11-10,140.12,271.0,213.68,119.29
2000-11-11,140.9,267.82,215.65,118.18
2000-11-12,140.58,267.29,215.53,118.87
2000-11-13,141.35,269.79,216.83,118.16
2000-11-14,139.57,271.01,217.09,117.67
2000-11-15,141.78,268.21,216.58,119.78
2000-11-16,144.52,266.45,215.17,120.1
2000-11-17,143.73,263.98,214.43,121.11
2000-11-18,143.44,266.58,213.15,120.38
2000-11-19,142.46,270.15,213.52,119.4
2000-11-20,141.32,273.75,211.54,119.59
2000-11-21,141.93,273.82,212.14,119.92
2000-11-22,143.43,272.51,212.99,119.54
2000-11-23,142.05,272.38,212.64,121.55
2000-11-24,143.21,276.9,212.4,122.06
2000-11-25,142.8,276.56,210.64,120.95
2000-11-26,143.09,275.24,210.19,122.26
2000-11-27,142.75,274.92,212.62,122.92
2000-11-28,143.03,272.93,211.03,124.21
2000-11-29,142.09,272.79,214.22,125.08
2000-11-30,142.28,270.87,211.62,124.42
2000-12-01,144.27,269.06,211.91,123.48
2000-12-02,141.81,269.25,214.44,123.74
2000-12-03,143.92,271.72,216.99,125.76
2000-12-04,145.32,272.5,216.37,125.2
2000-12-05,145.03,272.55,216.89,127.19
2000-12-06,142.87,273.78,215.24,128.39
2000-12-07,140.32,277.47,218.38,127.95
2000-12-08,136.78,283.5,222.36,128.49
2000-12-09,138.06,287.17,225.27,129.89
2000-12-10,137.63,287.32,223.37,132.5
2000-12-11,137.94,282.3,227.42,132.32
2000-12-12,136.28,279.53,226.81,132.61
2000-12-13,135.89,279.91,221.4,131.76
2000-12-14,133.94,281.85,224.86,131.66
2000-12-15,133.35,276.99,219.43,132.12
2000-12-16,133.38,279.95,216.89,132.11
2000-12-17,134.6,276.02,215.12,129.67
2000-12-18,134.12,277.12,217.27,128.73
2000-12-19,133.22,277.8,221.43,125.55
2000-12-20,132.93,279.24,222.65,123.17
2000-12-21,129.84,283.67,223.37,122.53
2000-12-22,132.9,284.61,222.96,120.99
2000-12-23,131.66,283.78,218.02,120.57
2000-12-24,132.39,283.59,217.97,120.18
2000-12-25,132.55,282.68,217.22,120.87
2000-12-26,132.06,283.62,217.61,120.55
2000-12-27,131.84,285.1,215.44,119.96
2000-12-28,131.17,284.55,216.68,122.58
2000-12-29,131.51,289.21,214.91,123.0
2000-12-30,132.77,290.22,212.27,121.42
2000-12-31,135.33,289.47,213.52,120.94
2001-01-01,135.9,291.57,212.18,122.17
2001-01-02,138.22,284.18,210.06,121.79
2001-01-03,136.63,286.54,214.08,122.21
2001-01-04,135.41,288.55,215.78,121.75
2001-01-05,136.11,288.57,216.48,121.19
2001-01-06,134.88,287.72,215.84,121.3
2001-01-07,134.8,284.81,219.69,118.44
2001-01-08,135.75,279.26,221.06,118.08
2001-01-09,137.34,281.25,221.45,115.59
2001-01-10,136.58,279.79,226.13,115.48
2001-01-11,132.81,282.12,226.13,115.48
2001-01-12,132.77,279.77,226.06,116.58
2001-01-13,134.63,280.26,225.54,115.63
2001-01-14,134.63,277.38,225.52,115.88
2001-01-15,134.0,275.44,226.8,116.02
2001-01-16,135.84,273.52,225.01,115.28
2001-01-17,136.03,275.67,225.95,115.49
2001-01-18,135.28,272.9,225.64,113.89
2001-01-19,137.35,275.79,224.88,113.39
2001-01-20,136.69,273.97,225.38,112.85
2001-01-21,137.82,273.14,224.92,112.93
2001-01-22,139.04,275.35,227.26,111.68
2001-01-23,141.62,279.89,225.19,110.33
2001-01-24,141.67,282.55,225.85,109.95
2001-01-25,141.89,281.58,231.42,109.38
2001-01-26,144.95,277.36,230.92,110.36
2001-01-27,144.25,276.29,235.16,108.87
2001-01-28,143.52,276.77,236.69,109.21
2001-01-29,146.38,280.83,235.86,109.31
2001-01-30,145.44,276.88,234.05,109.21
2001-01-31,144.0,278.82,232.43,106.99
2001-02-01,141.79,276.79,234.15,105.79
2001-02-02,141.12,278.94,228.26,108.43
2001-02-03,142.68,278.46,230.03,109.26
2001-02-04,143.64,277.49,228.87,108.72
2001-02-05,143.61,281.97,231.0,108.26
2001-02-06,144.07,282.9,233.18,108.25
2001-02-07,145.67,281.91,237.84,109.11
2001-02-08,143.98,281.04,236.38,108.88
2001-02-09,144.29,277.97,238.37,109.86
2001-02-10,143.31,276.95,240.04,110.91
2001-02-11,143.01,276.29,240.02,108.5
2001-02-12,140.15,276.78,240.22,108.16
2001-02-13,142.85,276.74,239.94,107.88
2001-02-14,144.2,274.77,242.83,108.43
2001-02-15,146.19,276.27,241.21,107.08
2001-02-16,145.18,275.67,242.15,108.67
2001-02-17,143.15,277.46,242.63,107.65
2001-02-18,144.1,275.52,240.45,107.33
2001-02-19,143.93,279.52,240.66,105.18
2001-02-20,143.64,280.39,239.56,106.17
2001-02-21,144.12,279.53,239.17,104.01
2001-02-22,144.57,281.36,239.45,103.77
2001-02-23,147.48,280.03,237.92,103.5
2001-02-24,150.59,277.48,239.91,105.64
2001-02-25,152.37,279.28,237.51,104.61
2001-02-26,153.86,276.73,235.23,104.72
2001-02-27,155.64,274.32,235.31,104.47
2001-02-28,157.27,274.64,236.6,103.15
2001-03-01,156.21,271.27,237.05,101.87
2001-03-02,156.71,271.39,237.25,102.82
2001-03-03,155.21,272.66,236.16,101.64
2001-03-04,155.37,270.35,229.84,101.61
2001-03-05,154.16,265.09,228.29,103.24
2001-03-06,153.88,265.24,230.43,102.48
2001-03-07,153.1,264.65,230.42,101.88
2001-03-08,153.82,263.13,231.65,103.36
2001-03-09,155.18,260.33,230.27,102.45
2001-03-10,156.29,255.44,229.51,102.63
2001-03-11,156.54,255.26,234.72,101.32
2001-03-12,155.32,256.69,236.59,100.97
2001-03-13,154.54,255.8,238.05,100.2
2001-03-14,154.5,255.2,242.21,100.99
2001-03-15,154.3,253.13,240.61,101.09
2001-03-16,154.94,254.6,242.74,102.7
2001-03-17,155.58,256.53,245.86,103.66
2001-03-18,157.42,259.18,244.38,102.98
2001-03-19,157.86,263.26,244.8,102.51
2001-03-20,159.99,259.95,251.25,102.49
2001-03-21,158.61,262.13,252.98,102.12
2001-03-22,158.82,262.29,256.45,103.79
2001-03-23,157.93,262.84,255.56,103.18
2001-03-24,158.14,263.81,248.7,104.29
2001-03-25,161.37,260.98,249.93,105.49
2001-03-26,163.63,256.91,249.17,104.07
2001-03-27,166.53,255.54,249.17,103.79
2001-03-28,166.54,255.21,248.73,103.19
2001-03-29,166.04,253.53,251.66,102.71
2001-03-30,168.2,251.99,249.32,102.94
2001-03-31,168.4,254.96,249.79,104.68
2001-04-01,171.3,251.38,256.18,103.54
2001-04-02,170.44,249.61,257.93,102.95
2001-04-03,169.81,251.61,257.41,101.03
2001-04-04,167.92,249.12,258.71,102.33
2001-04-05,169.64,247.26,260.04,102.44
2001-04-06,168.26,248.91,257.0,102.64
2001-04-07,166.97,250.44,257.6,101.89
2001-04-08,165.55,249.25,256.51,101.05
2001-04-09,165.81,251.24,258.47,102.1
2001-04-10,166.52,251.01,249.48,102.11
2001-04-11,166.93,252.59,247.31,101.82
2001-04-12,167.37,249.7,246.9,101.25
2001-04-13,166.89,249.8,248.3,101.83
2001-04-14,168.46,249.67,249.37,103.76
2001-04-15,167.58,252.04,244.86,104.75
2001-04-16,165.08,251.95,244.45,105.44
2001-04-17,164.35,255.53,242.75,105.06
2001-04-18,161.33,254.4,244.97,103.83
2001-04-19,162.86,251.24,244.88,102.87
2001-04-20,164.11,249.67,244.44,103.84
2001-04-21,161.26,246.32,242.86,105.17
2001-04-22,159.51,240.48,241.01,106.18
2001-04-23,158.42,239.92,239.62,107.16
2001-04-24,158.52,243.53,241.23,106.16
2001-04-25,156.7,242.78,244.98,106.35
2001-04-26,154.75,251.08,245.17,107.87
2001-04-27,155.36,252.27,246.71,107.72
2001-04-28,153.66,248.07,248.81,107.52
2001-04-29,153.68,249.65,247.54,109.81
2001-04-30,155.55,250.06,244.93,111.09
2001-05-01,152.26,251.59,244.08,113.4
2001-05-02,151.11,251.25,242.98,115.22
2001-05-03,150.94,250.42,240.04,115.45
2001-05-04,151.64,241.57,241.44,115.55
2001-05-05,153.37,238.42,243.54,116.31
2001-05-06,152.89,242.78,240.9,116.89
2001-05-07,155.62,240.87,238.39,120.74
2001-05-08,157.11,241.27,239.22,120.52
2001-05-09,157.4,241.02,239.33,120.08
2001-05-10,153.08,239.12,236.97,119.11
2001-05-11,151.05,242.47,234.18,118.68
2001-05-12,150.7,239.06,232.35,116.58
2001-05-13,149.97,241.08,230.76,118.71
2001-05-14,150.41,244.09,230.04,121.21
2001-05-15,153.09,241.94,230.64,121.62
2001-05-16,152.57,241.89,231.79,122.76
2001-05-17,153.41,241.19,227.55,123.78
2001-05-18,155.2,237.8,227.95,123.21
2001-05-19,154.16,236.13,227.44,123.2
2001-05-20,152.27,234.57,226.34,124.78
2001-05-21,150.53,236.24,232.24,122.93
2001-05-22,150.07,236.1,230.95,122.09
2001-05-23,153.34,234.45,229.4,123.49
2001-05-24,153.0,230.2,230.87,123.08
2001-05-25,153.86,229.9,225.01,123.43
2001-05-26,153.03,231.36,229.07,123.47
2001-05-27,152.21,235.78,226.66,124.16
2001-05-28,152.49,235.82,226.96,124.93
2001-05-29,150.73,241.45,228.27,122.43
2001-05-30,152.08,240.23,226.52,121.04
2001-05-31,152.92,241.79,223.66,121.07
2001-06-01,152.55,239.14,222.73,122.1
2001-06-02,153.11,242.85,222.2,123.38
2001-06-03,152.07,245.55,222.9,124.26
2001-06-04,152.86,243.38,221.5,124.45
2001-06-05,151.52,244.03,217.91,124.64
2001-06-06,152.27,244.38,218.65,123.91
2001-06-07,151.43,245.01,224.79,122.96
2001-06-08,150.82,245.42,222.34,122.77
2001-06-09,152.52,249.47,218.02,123.41
2001-06-10,154.44,247.79,216.46,122.81
2001-06-11,154.47,248.35,215.93,123.53
2001-06-12,151.99,253.99,217.34,121.94
2001-06-13,150.93,257.18,216.3,120.66
2001-06-14,149.73,260.82,216.15,119.77
2001-06-15,150.13,261.83,216.15,121.71
2001-06-16,150.49,265.81,213.91,121.87
2001-06-17,150.59,266.3,212.85,120.55
2001-06-18,152.59,267.83,208.95,120.47
2001-06-19,153.11,265.08,210.07,119.01
2001-06-20,152.41,266.74,210.28,117.23
2001-06-21,154.41,268.06,209.13,117.25
2001-06-22,152.43,268.22,207.96,116.26
2001-06-23,149.8,266.31,206.8,115.77
2001-06-24,148.06,265.01,207.83,116.29
2001-06-25,149.43,267.22,204.79,115.29
2001-06-26,148.96,267.72,202.06,114.92
2001-06-27,151.03,267.56,201.66,115.49
2001-06-28,152.81,267.27,200.86,115.53
2001-06-29,150.7,265.98,199.32,117.84
2001-06-30,149.21,268.28,199.67,117.39
2001-07-01,149.48,271.5,198.98,117.62
2001-07-02,150.13,269.66,197.65,117.85
2001-07-03,148.94,265.43,200.79,117.89
2001-07-04,148.4,266.11,200.96,118.69
2001-07-05,151.22,266.96,200.68,117.73
2001-07-06,151.82,270.19,199.09,116.4
2001-07-07,150.48,263.64,200.27,115.5
2001-07-08,149.93,264.89,200.05,116.78
2001-07-09,149.26,261.46,198.62,116.04
2001-07-10,148.18,261.34,200.6,115.72
2001-07-11,146.04,265.77,202.55,115.33
2001-07-12,145.06,268.68,203.33,114.86
2001-07-13,144.54,264.84,202.84,114.43
2001-07-14,145.33,259.82,203.29,115.31
2001-07-15,147.46,259.97,204.03,114.51
2001-07-16,147.39,257.25,203.34,115.04
2001-07-17,147.2,261.01,200.12,114.42
2001-07-18,147.47,258.71,199.28,113.96
2001-07-19,145.01,257.69,198.38,115.14
2001-07-20,143.29,258.9,202.04,116.68
2001-07-21,143.55,261.4,200.92,118.36
2001-07-22,144.93,258.23,198.98,118.56
2001-07-23,145.82,258.58,198.82,118.7
2001-07-24,146.19,258.62,198.77,117.03
2001-07-25,147.15,258.09,200.9,117.75
2001-07-26,148.82,262.34,199.27,116.04
2001-07-27,145.88,263.54,198.9,117.75
2001-07-28,146.54,263.98,201.15,117.79
2001-07-29,146.95,266.79,203.36,115.5
2001-07-30,145.46,267.63,204.13,115.04
2001-07-31,146.53,275.13,203.78,114.95
2001-08-01,143.09,273.02,206.71,116.05
2001-08-02,145.83,267.88,208.96,115.75
2001-08-03,147.11,267.87,208.21,114.95
2001-08-04,147.61,265.47,207.52,116.07
2001-08-05,149.03,266.47,204.3,116.13
2001-08-06,150.57,270.39,205.07,116.26
2001-08-07,148.64,272.12,203.3,116.64
2001-08-08,149.23,275.96,202.37,115.13
2001-08-09,148.85,276.53,202.99,114.52
2001-08-10,148.23,278.56,204.29,113.53
2001-08-11,148.09,281.8,205.9,115.25
2001-08-12,148.08,278.51,209.62,115.83
2001-08-13,148.47,287.19,207.87,116.83
2001-08-14,147.18,285.29,208.34,117.02
2001-08-15,145.8,286.25,211.01,117.71
2001-08-16,146.46,287.91,211.47,118.53
2001-08-17,145.5,288.82,207.55,118.14
2001-08-18,143.77,291.23,209.05,116.25
2001-08-19,145.68,289.07,208.62,116.23
2001-08-20,144.19,284.5,208.99,114.77
2001-08-21,145.34,287.48,215.74,115.24
2001-08-22,145.63,286.18,215.75,113.89
2001-08-23,145.4,282.0,216.54,115.21
2001-08-24,147.11,280.67,217.49,114.4
2001-08-25,148.86,279.07,214.08,113.77
2001-08-26,150.54,278.66,213.27,115.23
2001-08-27,150.99,278.3,215.41,116.65
2001-08-28,149.91,285.05,216.92,120.21
2001-08-29,151.9,286.33,218.74,121.17
2001-08-30,152.11,287.58,219.22,121.66
2001-08-31,154.51,285.31,218.49,121.14
2001-09-01,153.86,284.87,218.23,121.31
2001-09-02,155.23,284.75,220.75,120.7
2001-09-03,154.2,285.8,221.88,121.22
2001-09-04,150.24,286.88,223.45,121.28
2001-09-05,149.97,288.35,223.38,120.72
2001-09-06,151.93,285.6,222.97,119.75
2001-09-07,153.51,287.79,223.18,121.62
2001-09-08,152.31,290.56,225.73,120.62
2001-09-09,153.42,291.41,225.22,119.04
2001-09-10,154.39,290.01,222.25,120.27
2001-09-11,156.05,288.56,225.32,121.43
2001-09-12,154.71,285.4,223.55,123.82
2001-09-13,157.28,285.58,222.49,123.51
2001-09-14,155.47,287.32,223.95,126.03
2001-09-15,154.93,289.42,225.9,123.65
2001-09-16,153.62,291.93,228.1,124.55
2001-09-17,151.63,294.42,226.51,124.21
2001-09-18,152.52,291.62,227.84,123.36
2001-09-19,154.45,293.41,229.8,122.64
2001-09-20,154.98,291.66,228.92,121.81
2001-09-21,152.28,292.77,224.35,124.45
2001-09-22,154.26,291.69,224.21,123.78
2001-09-23,152.78,296.3,222.91,126.67
2001-09-24,151.95,295.72,221.47,126.23
2001-09-25,150.58,298.94,222.41,126.47
2001-09-26,151.77,299.14,220.79,124.39
2001-09-27,153.33,296.73,221.14,124.1
2001-09-28,153.88,299.43,220.81,126.47
2001-09-29,151.15,301.0,223.45,126.46
2001-09-30,150.87,295.03,222.97,128.5
2001-10-01,152.68,297.35,219.39,127.73
2001-10-02,151.81,299.89,219.8,128.41
2001-10-03,150.36,295.25,221.11,131.62
2001-10-04,151.44,293.65,221.02,133.47
2001-10-05,149.69,287.26,218.49,134.57
2001-10-06,151.46,282.12,217.78,132.52
2001-10-07,153.93,277.19,220.41,133.03
2001-10-08,151.89,281.48,218.55,131.83
2001-10-09,151.3,282.21,221.12,130.65
2001-10-10,152.07,283.22,220.5,131.38
2001-10-11,148.44,282.09,218.01,130.11
2001-10-12,147.48,283.82,220.36,131.43
2001-10-13,145.99,283.3,220.5,130.71
2001-10-14,146.81,281.48,220.78,128.33
2001-10-15,146.05,280.11,223.81,126.04
2001-10-16,146.58,282.11,222.47,124.92
2001-10-17,147.68,284.84,224.01,125.2
2001-10-18,145.09,284.19,222.12,127.11
2001-10-19,145.1,283.24,221.11,127.5
2001-10-20,147.46,286.53,223.49,125.35
2001-10-21,146.05,283.7,227.72,123.11
2001-10-22,146.13,284.24,228.08,122.47
2001-10-23,146.61,284.8,229.31,118.94
2001-10-24,144.09,287.51,228.84,119.23
2001-10-25,140.72,288.3,228.38,119.81
2001-10-26,140.49,290.26,225.33,119.81
2001-10-27,139.12,293.54,224.37,118.71
2001-10-28,137.89,293.5,227.88,119.34
2001-10-29,138.19,291.93,228.56,118.66
2001-10-30,136.63,293.43,229.87,117.72
2001-10-31,135.26,292.46,230.61,116.76
2001-11-01,136.07,284.99,230.62,117.82
2001-11-02,136.35,281.67,231.67,116.19
2001-11-03,135.59,280.84,230.64,114.74
2001-11-04,134.56,283.31,229.27,115.64
2001-11-05,135.44,285.48,225.06,114.88
2001-11-06,136.31,283.3,227.07,115.82
2001-11-07,136.84,279.74,226.3,116.5
2001-11-08,136.6,280.74,228.3,117.84
2001-11-09,137.89,283.03,229.81,117.39
2001-11-10,136.65,282.07,232.17,117.11
2001-11-11,138.12,279.05,236.26,116.39
2001-11-12,139.88,280.06,230.92,115.3
2001-11-13,137.12,277.34,229.68,115.3
2001-11-14,137.05,278.29,229.13,115.84
2001-11-15,137.83,281.4,225.91,116.59
2001-11-16,137.43,279.69,224.9,116.98
2001-11-17,137.04,279.0,228.0,117.83
2001-11-18,137.61,277.21,229.89,118.18
2001-11-19,138.53,279.26,228.73,118.53
2001-11-20,139.7,275.88,231.72,117.72
2001-11-21,138.01,270.51,233.11,119.39
2001-11-22,137.39,268.11,232.45,119.59
2001-11-23,137.76,267.59,234.89,118.72
2001-11-24,139.53,265.3,232.86,121.2
2001-11-25,142.97,263.27,231.91,121.06
2001-11-26,142.46,263.9,235.25,119.5
2001-11-27,143.92,263.38,233.15,120.74
2001-11-28,142.9,262.6,235.54,119.78
2001-11-29,143.03,261.03,233.48,118.71
2001-11-30,143.35,255.27,232.49,120.12
2001-12-01,142.6,252.99,229.59,121.87
2001-12-02,142.4,252.68,228.45,122.95
2001-12-03,140.24,254.36,229.0,123.02
2001-12-04,141.24,254.83,225.84,122.8
2001-12-05,140.78,258.58,229.57,120.12
2001-12-06,139.23,254.82,228.73,119.28
2001-12-07,140.08,255.3,230.39,118.14
2001-12-08,139.1,254.45,234.31,116.53
2001-12-09,138.13,252.47,234.92,117.1
2001-12-10,137.74,253.29,232.24,117.69
2001-12-11,136.97,255.67,232.69,117.17
2001-12-12,137.51,257.23,234.29,118.51
2001-12-13,136.83,259.78,235.2,117.87
2001-12-14,136.62,262.69,234.95,117.62
2001-12-15,137.5,265.31,238.46,116.19
2001-12-16,138.86,260.47,235.88,115.86
2001-12-17,139.7,257.24,236.0,116.43
2001-12-18,140.82,254.41,233.5,115.11
2001-12-19,140.29,250.8,232.75,114.63
2001-12-20,140.01,247.14,233.77,113.78
2001-12-21,138.65,243.98,236.63,112.92
2001-12-22,137.58,244.42,235.33,113.48
2001-12-23,137.37,239.2,235.87,113.59
2001-12-24,139.56,235.62,238.91,113.91
2001-12-25,139.79,231.21,237.27,114.11
2001-12-26,142.24,233.19,236.75,114.69
2001-12-27,141.72,231.06,238.7,113.83
2001-12-28,141.36,232.47,238.08,114.31
2001-12-29,137.54,231.97,238.35,112.57
2001-12-30,136.39,228.73,242.15,112.32
2001-12-31,135.66,227.08,242.33,110.43
2002-01-01,135.5,223.24,244.38,110.52
2002-01-02,133.77,226.86,245.33,109.8
2002-01-03,133.12,229.03,244.64,111.11
2002-01-04,135.45,231.19,246.82,110.13
2002-01-05,135.16,225.61,246.96,110.96
2002-01-06,134.81,226.32,246.77,110.99
2002-01-07,134.67,225.83,244.53,111.67
2002-01-08,134.19,224.03,242.77,111.08
2002-01-09,134.16,225.09,247.3,112.34
2002-01-10,134.84,222.56,249.47,113.04
2002-01-11,135.48,227.07,247.28,112.52
2002-01-12,136.53,226.96,248.73,114.67
2002-01-13,137.31,225.09,247.98,114.5
2002-01-14,137.32,226.73,244.54,113.74
2002-01-15,136.89,229.01,245.54,113.52
2002-01-16,137.45,229.89,243.98,113.82
2002-01-17,139.33,229.81,244.09,115.21
2002-01-18,140.02,234.9,245.34,116.74
2002-01-19,141.15,236.12,242.05,116.15
2002-01-20,141.83,235.92,240.19,115.73
2002-01-21,143.44,239.8,238.9,116.52
2002-01-22,144.7,233.62,243.83,118.21
2002-01-23,146.81,236.36,240.55,120.99
2002-01-24,146.83,239.04,242.11,119.15
2002-01-25,146.44,234.05,241.3,119.44
2002-01-26,148.63,235.77,245.02,122.23
2002-01-27,149.33,239.35,247.49,122.74
2002-01-28,150.22,238.5,249.56,121.06
2002-01-29,152.0,239.29,252.67,123.12
2002-01-30,150.72,243.39,249.4,121.25
2002-01-31,152.59,243.65,243.48,122.88
2002-02-01,151.68,243.85,244.81,123.94
2002-02-02,152.43,243.75,246.68,124.04
2002-02-03,155.51,246.08,246.57,123.23
2002-02-04,154.98,246.78,246.37,122.85
2002-02-05,157.29,247.02,242.78,122.0
2002-02-06,155.66,247.25,244.95,123.01
2002-02-07,155.42,250.0,242.66,122.39
2002-02-08,158.21,247.37,241.44,120.38
2002-02-09,156.33,243.6,241.0,118.69
2002-02-10,154.68,245.46,240.87,117.82
2002-02-11,155.11,246.04,240.63,118.78
2002-02-12,155.17,241.95,237.1,117.22
2002-02-13,157.07,240.54,241.62,117.33
2002-02-14,159.84,240.49,241.36,117.58
2002-02-15,160.77,240.58,241.82,120.07
2002-02-16,161.24,239.56,240.77,117.62
2002-02-17,160.39,238.35,241.82,117.7
2002-02-18,158.82,239.73,244.73,119.08
2002-02-19,159.29,243.42,244.56,118.79
2002-02-20,159.55,246.01,248.03,119.89
2002-02-21,157.65,246.21,250.63,121.48
2002-02-22,156.61,249.46,251.99,121.84
2002-02-23,155.74,251.73,252.55,123.11
2002-02-24,151.54,248.74,251.55,122.3
2002-02-25,151.42,246.58,251.56,122.08
2002-02-26,149.46,244.51,253.85,121.21
2002-02-27,147.81,242.28,253.55,120.57
2002-02-28,148.86,243.95,255.19,121.13
2002-03-01,150.3,242.79,249.78,120.17
2002-03-02,151.61,242.39,248.93,120.35
2002-03-03,153.99,239.91,250.11,118.98
2002-03-04,153.28,238.12,247.24,121.81
2002-03-05,153.05,234.43,242.71,121.73
2002-03-06,152.54,234.14,241.8,122.73
2002-03-07,153.72,234.71,243.47,123.27
2002-03-08,154.57,235.44,244.73,123.8
2002-03-09,153.96,233.18,247.38,121.89
2002-03-10,152.16,230.76,243.69,121.72
2002-03-11,151.38,229.64,243.98,120.81
2002-03-12,150.57,233.19,244.14,119.85
2002-03-13,149.61,229.19,247.65,120.64
2002-03-14,148.03,230.48,248.76,121.27
2002-03-15,149.43,233.73,250.63,121.75
2002-03-16,150.43,230.2,249.27,120.79
2002-03-17,150.18,225.37,252.48,121.92
2002-03-18,148.48,223.54,252.19,121.4
2002-03-19,148.63,223.01,254.3,122.86
2002-03-20,151.37,226.05,256.92,121.72
2002-03-21,149.93,224.64,256.48,120.87
2002-03-22,152.7,226.55,255.62,120.11
2002-03-23,150.94,228.38,253.27,119.45
2002-03-24,150.56,231.34,250.8,119.47
2002-03-25,151.15,234.37,251.23,119.16
2002-03-26,150.66,228.65,252.34,120.69
2002-03-27,151.62,228.78,254.33,119.99
2002-03-28,150.29,234.03,250.78,118.92
2002-03-29,150.71,238.95,249.02,118.79
2002-03-30,151.99,237.48,246.57,120.17
2002-03-31,153.64,236.74,244.93,120.51
2002-04-01,152.61,236.45,243.41,120.1
2002-04-02,152.31,233.02,243.57,120.16
2002-04-03,152.69,235.57,242.6,120.58
2002-04-04,151.64,234.46,241.52,120.67
2002-04-05,152.17,236.53,240.64,122.37
2002-04-06,154.13,234.09,237.14,123.73
2002-04-07,155.45,236.47,235.51,123.73
2002-04-08,157.71,237.89,236.96,122.62
2002-04-09,161.53,237.0,239.46,121.8
2002-04-10,159.11,237.33,239.25,118.27
2002-04-11,158.56,238.43,240.05,119.65
2002-04-12,158.98,239.04,238.1,119.85
2002-04-13,158.54,237.12,236.12,120.61
2002-04-14,158.14,237.46,236.29,119.91
2002-04-15,156.94,234.34,235.96,119.09
2002-04-16,155.02,235.43,234.48,118.95
2002-04-17,156.97,235.16,233.82,117.0
2002-04-18,157.93,234.69,232.76,118.42
2002-04-19,154.24,233.69,233.02,120.07
2002-04-20,154.3,234.68,232.75,119.68
2002-04-21,158.95,233.35,234.35,118.7
2002-04-22,155.02,232.35,234.93,118.07
2002-04-23,153.97,232.19,233.73,117.32
2002-04-24,153.47,234.32,231.54,116.73
2002-04-25,153.86,232.88,232.12,115.66
2002-04-26,152.69,229.05,230.14,113.31
2002-04-27,153.46,226.79,227.87,112.95
2002-04-28,151.9,223.08,228.75,113.56
2002-04-29,152.5,225.33,228.06,114.07
2002-04-30,149.26,227.34,226.55,115.32
2002-05-01,149.73,227.76,227.33,114.84
2002-05-02,147.18,228.54,229.64,113.5
2002-05-03,147.23,227.92,230.55,115.32
2002-05-04,150.2,228.77,227.24,117.85
2002-05-05,149.25,227.12,227.85,118.24
2002-05-06,149.13,226.24,227.41,116.25
2002-05-07,147.78,227.14,225.71,116.26
2002-05-08,150.06,227.32,227.53,116.54
2002-05-09,151.25,227.35,228.66,116.99
2002-05-10,148.91,226.09,227.67,117.19
2002-05-11,146.4,226.42,229.49,115.67
2002-05-12,145.97,225.57,228.78,116.01
2002-05-13,144.28,229.13,229.54,113.31
2002-05-14,142.67,231.28,231.31,114.68
2002-05-15,145.51,232.11,237.4,114.61
2002-05-16,144.06,226.92,238.0,116.19
2002-05-17,142.36,227.46,241.5,117.07
2002-05-18,145.3,228.95,241.94,115.96
2002-05-19,145.37,232.75,241.2,115.45
2002-05-20,144.15,236.27,240.34,115.03
2002-05-21,144.77,235.76,237.3,116.37
2002-05-22,142.75,239.57,239.3,117.35
2002-05-23,141.0,241.94,239.37,117.63
2002-05-24,140.7,242.82,236.66,116.33
2002-05-25,139.32,240.84,236.21,120.13
2002-05-26,139.1,243.29,236.46,120.92
2002-05-27,137.63,237.25,234.86,121.13
2002-05-28,139.1,243.78,232.4,120.81
2002-05-29,138.7,241.82,231.46,122.11
2002-05-30,136.24,245.24,232.24,121.3
2002-05-31,138.32,240.83,228.34,121.32
2002-06-01,136.23,241.19,224.9,119.33
2002-06-02,136.28,243.1,225.74,119.74
2002-06-03,137.68,244.63,222.42,119.97
2002-06-04,138.94,242.9,222.43,119.03
2002-06-05,140.69,243.15,221.66,117.54
2002-06-06,140.21,243.42,220.49,117.83
2002-06-07,140.31,245.1,220.45,116.8
2002-06-08,139.54,248.94,220.84,116.61
2002-06-09,142.06,247.17,219.55,114.62
2002-06-10,141.5,247.27,221.95,113.89
2002-06-11,141.81,253.31,219.47,114.31
2002-06-12,142.79,250.59,220.97,114.51
2002-06-13,141.49,253.27,224.43,116.16
2002-06-14,142.68,251.27,225.73,116.24
2002-06-15,140.64,252.08,225.2,116.57
2002-06-16,142.47,250.46,223.13,115.86
2002-06-17,144.18,252.38,223.67,116.1
2002-06-18,142.28,252.44,225.34,117.12
2002-06-19,141.62,254.28,227.05,116.84
2002-06-20,142.27,254.17,226.03,118.35
2002-06-21,142.55,256.37,225.66,118.7
2002-06-22,144.03,255.14,225.04,120.23
2002-06-23,143.21,256.07,225.48,117.38
2002-06-24,141.16,257.12,222.58,118.29
2002-06-25,141.09,255.8,224.45,118.07
2002-06-26,139.5,253.3,222.66,119.42
2002-06-27,140.58,250.65,222.32,121.12
2002-06-28,140.45,248.68,222.59,121.18
2002-06-29,142.07,254.24,222.06,121.89
2002-06-30,142.29,249.72,218.01,122.4
2002-07-01,140.07,248.3,215.93,121.05
2002-07-02,137.82,242.87,214.76,121.71
2002-07-03,137.46,246.51,215.83,121.94
2002-07-04,136.44,245.85,214.23,121.92
2002-07-05,137.13,246.43,214.68,122.29
2002-07-06,138.52,244.91,213.93,121.96
2002-07-07,141.27,240.57,214.67,119.75
2002-07-08,140.28,238.72,216.64,120.46
2002-07-09,142.19,241.13,214.81,121.8
2002-07-10,141.58,241.47,215.2,122.08
2002-07-11,143.27,240.45,214.76,122.34
2002-07-12,142.86,239.96,211.37,122.84
2002-07-13,144.05,236.26,212.97,124.55
2002-07-14,141.84,235.38,213.59,124.57
2002-07-15,142.19,238.35,210.97,124.51
2002-07-16,141.8,236.33,208.41,121.13
2002-07-17,143.16,233.53,208.33,120.95
2002-07-18,142.36,233.37,209.43,122.14
2002-07-19,142.19,231.06,209.88,124.49
2002-07-20,140.48,229.27,209.76,124.08
2002-07-21,140.79,228.36,213.36,122.31
2002-07-22,140.62,224.7,212.92,121.9
2002-07-23,140.13,225.5,214.41,122.51
2002-07-24,140.14,225.96,212.7,121.88
2002-07-25,140.0,229.04,214.12,121.2
2002-07-26,141.61,230.08,212.63,119.75
2002-07-27,140.23,223.87,214.33,119.26
2002-07-28,138.76,225.12,216.11,119.77
2002-07-29,137.95,227.69,212.48,118.44
2002-07-30,138.24,224.67,213.44,117.63
2002-07-31,134.47,221.39,213.24,118.97
2002-08-01,132.74,226.18,212.76,118.53
2002-08-02,133.7,225.02,213.16,118.62
2002-08-03,136.27,227.46,214.58,117.68
2002-08-04,137.04,227.97,216.21,117.05
2002-08-05,138.97,225.62,220.56,116.48
2002-08-06,140.11,226.46,221.4,117.25
2002-08-07,142.22,226.89,219.64,117.23
2002-08-08,141.53,226.88,218.16,117.26
2002-08-09,141.13,228.22,219.17,118.4
2002-08-10,142.88,227.71,218.33,119.29
2002-08-11,143.41,226.23,217.76,118.58
2002-08-12,144.03,222.37,217.04,116.71
2002-08-13,145.52,220.33,211.95,115.08
2002-08-14,143.72,217.73,212.59,114.26
2002-08-15,141.62,216.06,214.66,113.38
2002-08-16,140.84,214.18,216.01,113.11
2002-08-17,141.41,215.04,216.68,113.12
2002-08-18,144.42,218.24,215.84,112.06
2002-08-19,143.34,215.3,214.62,112.76
2002-08-20,144.58,209.68,216.28,112.73
2002-08-21,145.52,207.06,216.81,113.96
2002-08-22,145.84,207.44,211.7,114.13
2002-08-23,144.7,206.28,208.25,114.75
2002-08-24,144.15,207.09,213.45,115.02
2002-08-25,142.03,207.69,213.26,116.4
2002-08-26,141.01,207.58,210.63,116.85
2002-08-27,137.95,208.48,206.37,117.79
2002-08-28,139.21,210.57,206.88,118.63
2002-08-29,138.32,211.05,206.17,116.14
2002-08-30,141.41,215.43,205.26,115.94
2002-08-31,142.54,215.53,204.17,113.82
2002-09-01,141.15,213.59,205.28,113.95
2002-09-02,142.32,216.44,203.49,111.41
2002-09-03,143.51,215.17,202.34,111.26
2002-09-04,143.9,213.62,204.38,110.42
2002-09-05,142.97,213.04,204.58,110.44
2002-09-06,144.22,213.11,203.8,109.99
2002-09-07,146.66,214.05,199.83,111.67
2002-09-08,147.5,211.44,202.54,112.21
2002-09-09,146.44,213.85,201.31,113.15
2002-09-10,145.89,216.83,203.34,113.48
2002-09-11,144.77,215.97,204.03,113.75
2002-09-12,144.67,216.65,204.97,113.28
2002-09-13,141.41,219.67,201.57,112.58
2002-09-14,140.53,221.17,201.1,113.29
2002-09-15,139.74,222.84,200.94,115.59
2002-09-16,137.59,224.07,198.47,115.14
2002-09-17,135.59,225.84,201.27,114.44
2002-09-18,135.58,225.92,202.9,115.12
2002-09-19,134.53,226.16,201.36,118.2
2002-09-20,134.15,227.98,200.5,119.28
2002-09-21,133.46,232.26,201.43,120.17
2002-09-22,134.93,234.63,200.06,121.74
2002-09-23,134.94,232.42,200.89,120.99
2002-09-24,138.14,229.93,200.72,122.37
2002-09-25,139.97,228.61,204.58,122.66
2002-09-26,137.2,225.19,202.31,120.09
